{
  "loss": [
    1627.302799463272,
    1580.302318327129,
    1163.1339797433466,
    959.2195967119187,
    717.3697098046541,
    933.7834023861215,
    1012.1348165459931
  ],
  "reward": [
    0.612080060445853,
    0.3036067285154103,
    -0.03411631440362237,
    -0.0833472503667741,
    -0.1379085153477499,
    -0.08666314785625717,
    -0.0668548691401049
  ],
  "accuracy": [
    0.7162095775129224,
    0.4826882822845914,
    0.2044726387286941,
    0.16372976205732837,
    0.11837327523602033,
    0.16118800461361016,
    0.1776560297321543
  ],
  "entropy": [
    0.9459948722580529,
    1.5108997546646832,
    1.589040759301035,
    1.5959557371833641,
    1.5987648399145444,
    1.601279327813609,
    1.6018333885377642
  ]
}