{
  "loss": [
    1518.3810845948756,
    1493.1970744729042,
    1389.0135572217405,
    1306.5856098551303,
    1260.9680704604834,
    1197.3943656235933,
    1160.1698987558484
  ],
  "reward": [
    0.6235131278758821,
    0.5623831158160512,
    0.4976992008460702,
    0.4681914489781212,
    0.45541401292384687,
    0.4370472071631564,
    0.42337206293736973
  ],
  "accuracy": [
    0.7024435046349694,
    0.6424986116450938,
    0.5853411081208082,
    0.5588448887180144,
    0.5474603784869068,
    0.5316972104746038,
    0.5200243496091247
  ],
  "entropy": [
    0.3885277843024208,
    0.17186609830195904,
    0.09470895508683498,
    0.04903623593568204,
    0.03062286382622869,
    0.020460237405304338,
    0.012312669064831649
  ]
}