{
  "loss": [
    1620.9172423258424,
    1277.2256496623158,
    962.1332045365125,
    844.8913152161986,
    465.8678811311256,
    409.8987702897284,
    1060.5508588240482
  ],
  "reward": [
    0.405542785090813,
    0.033317820884907284,
    -0.05863266403812456,
    -0.10603585515369233,
    -0.19765219301642178,
    -0.20813998863210478,
    -0.035259893098799934
  ],
  "accuracy": [
    0.5558973044555513,
    0.26050877867486866,
    0.18446964842581912,
    0.14498697082318765,
    0.06877696612414029,
    0.060062369174249224,
    0.20413088982869837
  ],
  "entropy": [
    1.2297388480277056,
    1.586590759167198,
    1.5993575027574336,
    1.6014961628308566,
    1.6034794985158372,
    1.6048807186610308,
    1.6037114149033667
  ]
}