{
  "loss": [
    1807.8254604865797,
    1924.542635162361,
    2126.1112483972684,
    2306.7905257428065,
    2311.5131484931335,
    2132.26445486024,
    1893.6564481295645
  ],
  "reward": [
    0.6186723406347845,
    0.6113847719062124,
    0.5920013591479119,
    0.5337655187765696,
    0.570981571198467,
    0.6022915743678355,
    0.6043055160838315
  ],
  "accuracy": [
    0.7071425520099107,
    0.7021444743474732,
    0.688559955572643,
    0.6439617241232005,
    0.672636592763467,
    0.6963881413131702,
    0.6953094963475587
  ],
  "entropy": [
    0.5988750501680472,
    0.6246879265824893,
    0.6848318264125128,
    0.7793282450070325,
    0.723884702655529,
    0.6668799130626973,
    0.6007169099948192
  ]
}