{
  "loss": [
    1537.8500593267381,
    817.1373198227957,
    836.1065559079871,
    978.0520759259816,
    715.8979399418458,
    919.18888913095,
    1270.0164575353265
  ],
  "reward": [
    0.38227970502963843,
    -0.11342213102233689,
    -0.10158114474888603,
    -0.06133292059707027,
    -0.13088592363551052,
    -0.07618923490307239,
    0.12766157603281167
  ],
  "accuracy": [
    0.5363855781964202,
    0.1384083044982699,
    0.1485112563543936,
    0.18214148404459823,
    0.12433252167969584,
    0.16998803878850016,
    0.33985860139262675
  ],
  "entropy": [
    1.2260101902144762,
    1.5905850778659878,
    1.5962051294124087,
    1.5974938525270441,
    1.6013165972853205,
    1.6029748301332514,
    1.6023297062210196
  ]
}