{
  "loss": [
    1218.0549237821251,
    336.32138145249337,
    274.0103522511781,
    242.76229793857783,
    272.38218716019765,
    269.4605435244739,
    215.72133079898776
  ],
  "reward": [
    0.4115837606979006,
    -0.012822044919746646,
    -0.027869457032104424,
    -0.03416333552981399,
    -0.02764585685012291,
    -0.028268979642430105,
    -0.040152789250604316
  ],
  "accuracy": [
    0.4501046606006237,
    0.06520996198043487,
    0.05098466401811269,
    0.04497201930881285,
    0.05143320944935709,
    0.050888547139988895,
    0.03930112349950873
  ],
  "entropy": [
    1.2380678210119171,
    1.5919253949362988,
    1.600344794745244,
    1.6027808671076644,
    1.6040573693250522,
    1.6050987991129009,
    1.6059258168688315
  ]
}