{
  "loss": [
    1217.9292601160705,
    1255.684685420245,
    1253.6913547702134,
    1251.645322844386,
    1226.3196459896863,
    1212.2298167608678,
    1150.2770215421915
  ],
  "reward": [
    0.7587155710117197,
    0.7539004622265638,
    0.7489829725859085,
    0.7210928105083914,
    0.6918158389331336,
    0.6752027367350996,
    0.6370399505225854
  ],
  "accuracy": [
    0.7137105386817036,
    0.6953308556538084,
    0.6874492716476569,
    0.6605685847323679,
    0.6327587679952155,
    0.6170169592891623,
    0.581443034730232
  ],
  "entropy": [
    0.3632963540752678,
    0.15757043444701577,
    0.10286386904615241,
    0.07978831462457871,
    0.06256147276055717,
    0.05342849604947163,
    0.038776038324910306
  ]
}