{
  "loss": [
    812.998859920539,
    284.4854107645224,
    237.1367681286065,
    335.63748804316856,
    291.6787486562971,
    235.92689727293327,
    197.08302271773573
  ],
  "reward": [
    0.22098891087469588,
    -0.02497946429254916,
    -0.034607427236403684,
    -0.011586265912791532,
    -0.020890434730053968,
    -0.033580758605536165,
    -0.04184274503179296
  ],
  "accuracy": [
    0.2781836045965227,
    0.053814772096202314,
    0.04457687214319279,
    0.06723909607415951,
    0.05819342987739758,
    0.04578367294630271,
    0.03773121449015336
  ],
  "entropy": [
    1.4105528861197696,
    1.6005878568856549,
    1.6034467357174058,
    1.6055088661357764,
    1.6065447253894138,
    1.606989929640617,
    1.607449395278163
  ]
}