{
  "loss": [
    2432.5046149184927,
    2158.9013107214123,
    1996.8835420152172,
    2469.4907224229537,
    2485.309759331867,
    2951.1069922801107,
    2382.956079285126
  ],
  "reward": [
    0.7387215919562248,
    0.7276029960199358,
    0.6805465072240663,
    0.7109135670955622,
    0.7162814537149483,
    0.7003015687317802,
    0.6730805569717095
  ],
  "accuracy": [
    0.714319278909821,
    0.7004891281131189,
    0.6564355589730445,
    0.69039685591012,
    0.6958327993506771,
    0.6887521893288906,
    0.657439446366782
  ],
  "entropy": [
    0.633548288783843,
    0.5881135578280164,
    0.5777360066712951,
    0.6642341705676573,
    0.6789246160475266,
    0.7898420969960874,
    0.7090233762447964
  ]
}