{
  "loss": [
    823.3102007387206,
    313.8985021763947,
    260.5779491137655,
    253.34157527273055,
    273.9247321357834,
    198.6841067369096,
    260.8303456513677
  ],
  "reward": [
    0.21728659978248757,
    -0.019576638151585862,
    -0.03028587360834385,
    -0.03247717745263526,
    -0.025761379363095173,
    -0.04266575073122255,
    -0.028182033267379437
  ],
  "accuracy": [
    0.27443504634969457,
    0.05900508351488744,
    0.048773975821265324,
    0.04674484172754069,
    0.053398265624332523,
    0.036866162587039175,
    0.05111281985561109
  ],
  "entropy": [
    1.4076717848983886,
    1.5996948588144957,
    1.6028953239527928,
    1.6046469404863208,
    1.6061747619764797,
    1.6069264579752094,
    1.6075411736608753
  ]
}