{
  "loss": [
    1627.6561551094055,
    1550.0908830463886,
    1383.104331675917,
    973.4627473987639,
    937.3939714003354,
    945.0181425735354,
    919.9875700883567
  ],
  "reward": [
    0.6931676734592107,
    0.1985184884275786,
    0.11165194666019805,
    0.0037903804223817085,
    -0.002897639680757556,
    0.0007237702507545414,
    -0.0065117899160440735
  ],
  "accuracy": [
    0.6923939510444701,
    0.3036118586868298,
    0.23796403092827545,
    0.1505510701012431,
    0.14591610064505106,
    0.14935494895125806,
    0.14355589730445556
  ],
  "entropy": [
    0.8792237615699383,
    1.3750474377613728,
    1.5424726959499317,
    1.591588007697036,
    1.6031687775575543,
    1.6055870664724627,
    1.6065279885925392
  ]
}