{
  "loss": [
    1517.4691838733852,
    1405.912059981376,
    1253.874782608822,
    1182.5980153866112,
    1158.3193326992914,
    1136.62160129752,
    1134.0479518640786
  ],
  "reward": [
    0.7265970342417527,
    0.5883663883924423,
    0.5465443239549063,
    0.5303231000832802,
    0.5222221688120314,
    0.5128258941454825,
    0.5128114896845699
  ],
  "accuracy": [
    0.7031376820880858,
    0.5789439958990132,
    0.5407108377119911,
    0.5260583536246742,
    0.5188602674185142,
    0.5106903327779914,
    0.5106796531248665
  ],
  "entropy": [
    0.4380805963201949,
    0.17288790375773205,
    0.06506298381545168,
    0.02801495810928525,
    0.013422935508537655,
    0.001550761606689895,
    0.0001919208573202885
  ]
}