{
  "loss": [
    2336.8235822224524,
    2379.649136092514,
    2153.243667393923,
    2434.397168245632,
    2634.311374530662,
    2328.3746426403522,
    2849.5267658657394
  ],
  "reward": [
    0.7330940495123115,
    0.7375832759792247,
    0.7093228741973644,
    0.718414684307284,
    0.7101221906589928,
    0.6668289883354067,
    0.6121995561811407
  ],
  "accuracy": [
    0.7148425819129395,
    0.7187833739160152,
    0.6940279379725747,
    0.7034260327224572,
    0.6983638771412705,
    0.6612948011448588,
    0.6210859071297364
  ],
  "entropy": [
    0.6213580394339077,
    0.6252483026646924,
    0.6044066980081442,
    0.6556327812604043,
    0.6987152521821671,
    0.6846717640250927,
    0.8132894562184046
  ]
}