{
  "loss": [
    1663.6600649654865,
    1186.7527498826385,
    972.7028897367418,
    892.8830990698189,
    947.90274996683,
    992.243690667674,
    975.8534742742777
  ],
  "reward": [
    0.4178164650041813,
    0.06333075393886825,
    0.0019579392009905295,
    -0.015756836618324967,
    0.0017352990151169605,
    0.008214702112729094,
    0.007629889121933736
  ],
  "accuracy": [
    0.47511640821906104,
    0.19839591610064505,
    0.14991029091375113,
    0.1357277115639284,
    0.15056174975436798,
    0.15617924729804775,
    0.15580545943867743
  ],
  "entropy": [
    1.1261416731146734,
    1.5563225339828914,
    1.6011513526798538,
    1.606120417123368,
    1.6073306200342588,
    1.60826096521694,
    1.6085841516215802
  ]
}