{
  "loss": [
    1602.0789817273617,
    966.3630632665008,
    927.2359172515571,
    907.897584028542,
    984.1710467115045,
    959.5716047622263,
    949.2778756842017
  ],
  "reward": [
    0.4214566498714778,
    0.004072783449936805,
    -0.00746677044283248,
    -0.011134478920876888,
    0.010979461868247598,
    0.004512172987929332,
    0.0032665224896396058
  ],
  "accuracy": [
    0.48025332137212184,
    0.15044427356999446,
    0.14230637788884618,
    0.13968986287325388,
    0.15829381861677133,
    0.15306078858558675,
    0.15216369772309796
  ],
  "entropy": [
    1.2018159446035228,
    1.586602065067464,
    1.6044835385839573,
    1.6063800546505014,
    1.6071491469160504,
    1.6080153963412258,
    1.6085464227266766
  ]
}