{
  "loss": [
    5718.967716246843,
    5085.773442327976,
    5069.955895781517,
    5061.415566340089,
    5067.353590726852,
    5048.084987595677,
    4997.132889688015
  ],
  "reward": [
    1.3972834641151748,
    1.3792884178534748,
    1.3651460961217698,
    1.3500875773469383,
    1.3186314843178772,
    1.319007359991191,
    1.3027507377835843
  ],
  "accuracy": [
    0.7260668973471741,
    0.7178542440941518,
    0.7114250929129822,
    0.7045794352599427,
    0.6903114186851211,
    0.690482293135119,
    0.6830278952539621
  ],
  "entropy": [
    0.6890744496345032,
    0.694019220699393,
    0.6752519673839219,
    0.657613181276605,
    0.6619980332129596,
    0.6913190002056874,
    0.6936713413165285
  ]
}