{
  "loss": [
    5140.9102846086025,
    5082.384019002318,
    5136.664395004511,
    5085.208696112037,
    5065.371876463294,
    5153.992238089442,
    5063.104137942195
  ],
  "reward": [
    1.3710896289442291,
    1.3762579205839447,
    1.3290385416399082,
    1.3471980330354634,
    1.3558431737304406,
    1.3064390189567632,
    1.3413484696672449
  ],
  "accuracy": [
    0.7141270451535734,
    0.7165086078004187,
    0.6949784271006878,
    0.7033299158443334,
    0.7071959502755351,
    0.6847366397539408,
    0.700638643256867
  ],
  "entropy": [
    0.6626019676017207,
    0.696718862326394,
    0.5879772104973389,
    0.5356755182312509,
    0.557569906708727,
    0.5912810571526088,
    0.5580154540150589
  ]
}