{
  "loss": [
    4644.676628531888,
    4266.374762963504,
    3798.9536491506733,
    3257.0088668754324,
    3736.1322150386404,
    3362.8802644265816,
    2811.987338761217
  ],
  "reward": [
    1.382765266430107,
    1.3316696717680856,
    1.3187489451816015,
    1.1503801486549898,
    1.2560012047092324,
    1.229196572255909,
    1.1912096398110046
  ],
  "accuracy": [
    0.7194668717160067,
    0.6962065872100475,
    0.6903648169507455,
    0.6137917040454526,
    0.6617753855354778,
    0.6496219402793797,
    0.632320902217096
  ],
  "entropy": [
    0.6444335108116592,
    0.6327712735507746,
    0.5767072977091784,
    0.5742175671589104,
    0.5878742929403545,
    0.5356130365447144,
    0.5063703094367062
  ]
}