{
  "loss": [
    5369.9746555686,
    5000.249250039458,
    4893.339202255011,
    4855.597931578755,
    4822.499352186918,
    4706.091244541109,
    4719.286906979978
  ],
  "reward": [
    1.378442697151897,
    1.3031031215331421,
    1.2542862718113055,
    1.2522424473714446,
    1.2350696295464159,
    1.2047881466083072,
    1.1975290492576716
  ],
  "accuracy": [
    0.7174697765816567,
    0.6832521679695843,
    0.6610278098167371,
    0.6600986799948738,
    0.6522918535605964,
    0.6385257806826434,
    0.6352898457858088
  ],
  "entropy": [
    0.6805748466332916,
    0.6599743203201927,
    0.6251783007315116,
    0.6024896745221057,
    0.5901797103684274,
    0.7283453326662769,
    0.8739992499697744
  ]
}