{
  "loss": [
    5435.252575173974,
    5128.463948965073,
    5182.2962763905525,
    5194.092254817486,
    5203.074064448476,
    5291.573643743992,
    4901.198964312673
  ],
  "reward": [
    1.388826261651469,
    1.3520374328544684,
    1.3199705421445962,
    1.2472151108041556,
    1.233143266308884,
    0.7491329207166064,
    0.6376623089331227
  ],
  "accuracy": [
    0.7221901832628477,
    0.7054978854286813,
    0.6908881199538639,
    0.6578452731855269,
    0.6514801999231065,
    0.4314473065914819,
    0.38074031355461574
  ],
  "entropy": [
    0.7219681049358655,
    0.7509519283066401,
    0.8325616203881158,
    0.8789490483957092,
    0.8881210581209035,
    0.8090518223777013,
    0.7352154404612335
  ]
}