{
  "loss": [
    4481.5347437262535,
    3411.2489449232817,
    2484.73095600307,
    2244.0202624723315,
    2074.815507017076,
    2279.235083475709,
    2411.998477257788
  ],
  "reward": [
    0.355561058738538,
    -0.5981568287190526,
    -0.7904779440533213,
    -0.8221578477677699,
    -0.8458688730778459,
    -0.8190159346407425,
    -0.8008429548339866
  ],
  "accuracy": [
    0.6744094151821949,
    0.22497757272843777,
    0.1329510017514631,
    0.11782861292665214,
    0.10625186893929685,
    0.11983638771412705,
    0.12901020974838737
  ],
  "entropy": [
    0.9981160580134282,
    1.5220787427618059,
    1.593337090284666,
    1.6017989749157304,
    1.6042661899463673,
    1.6055471710357914,
    1.606136313406154
  ]
}