{
  "loss": [
    4314.602811649442,
    3626.8855900093913,
    3291.851104989648,
    3192.709673717618,
    3163.6527212150395,
    3156.6854020915926,
    3150.9841484688222
  ],
  "reward": [
    0.4214403184196663,
    0.17672193482742235,
    0.1337139407119017,
    0.12338749033601167,
    0.12122029594360366,
    0.12132437163561344,
    0.12135594326785726
  ],
  "accuracy": [
    0.6764278696227947,
    0.5423661839463454,
    0.5177175445341535,
    0.5120466487248494,
    0.5107650903498654,
    0.5106796531248665,
    0.5106796531248665
  ],
  "entropy": [
    0.35440045189352376,
    0.09228308060281637,
    0.019972806668668124,
    0.007859126384273194,
    0.0026815735843519375,
    0.00035766461407495397,
    9.729939968120471e-06
  ]
}