{
  "loss": [
    1351.9753543799743,
    1272.8242775630206,
    1252.6472378196195,
    1577.9421452078968,
    1737.9449461679906,
    1552.2841906668618,
    1376.6730811474845
  ],
  "reward": [
    0.4776832225307499,
    0.4627446184784821,
    0.4557340810476064,
    0.41587731609362505,
    0.4181471196026012,
    0.38049977695750475,
    0.3454940168458479
  ],
  "accuracy": [
    0.7191678414285104,
    0.7117668418129779,
    0.708157119056773,
    0.6937502669913281,
    0.6954696911444316,
    0.6755841770259302,
    0.6578025545730275
  ],
  "entropy": [
    0.6768932009932731,
    0.681688716411387,
    0.6766133016242994,
    0.7820793674600321,
    0.8006516501432237,
    0.7739710976746313,
    0.7521009724628573
  ]
}