{
  "loss": [
    3919.7334856987,
    2398.0535507947206,
    2366.1434469893575,
    2204.0885875821114,
    2361.108714237809,
    2162.162847235799,
    2241.567063998431
  ],
  "reward": [
    -0.19444582543219538,
    -0.7959102925111112,
    -0.8039386675631197,
    -0.8245504824917235,
    -0.7990554948708919,
    -0.8260179401772991,
    -0.8157276714189774
  ],
  "accuracy": [
    0.4135268486479559,
    0.130558759451493,
    0.12723738732965953,
    0.11717715408603528,
    0.13014225297962323,
    0.11672860865479089,
    0.12195095903285061
  ],
  "entropy": [
    1.2656027347628487,
    1.5970418629800278,
    1.604228862346634,
    1.606078841595411,
    1.6075174312764267,
    1.6080599732833216,
    1.6084667608388852
  ]
}