{
  "loss": [
    3976.45069924742,
    2059.1546967476606,
    2165.152858477086,
    2274.9418764561415,
    2306.882236097008,
    2236.757485592738,
    2124.1157659711316
  ],
  "reward": [
    -0.18901100388828168,
    -0.8412470690175374,
    -0.8286393102606596,
    -0.8171404145579093,
    -0.808822128035137,
    -0.8200153939657623,
    -0.8304205831606816
  ],
  "accuracy": [
    0.41638899568542015,
    0.10787517621427656,
    0.11484898970481439,
    0.12086163441411422,
    0.12519757358281003,
    0.11972959118287838,
    0.11458199837669272
  ],
  "entropy": [
    1.2681767742806533,
    1.5973637718920541,
    1.6041023500878526,
    1.60597528131033,
    1.6071466672895058,
    1.6079910367284294,
    1.6082387968106044
  ]
}