{
  "loss": [
    4198.445636048913,
    4130.658053562045,
    4136.8981988579035,
    4132.243915349245,
    4148.906015306711,
    4135.533402174711,
    4149.786755010486
  ],
  "reward": [
    0.45060225525371606,
    0.44940628737399624,
    0.4398171877669571,
    0.4425081154963267,
    0.44677942935246884,
    0.4479326840936272,
    0.4305911498376901
  ],
  "accuracy": [
    0.7252659233628092,
    0.7247639796659404,
    0.7198726985347516,
    0.7212503737878594,
    0.7234824212909565,
    0.7239630056815755,
    0.7152590883848092
  ],
  "entropy": [
    0.6838722386798878,
    0.6943896996013613,
    0.6666320477329563,
    0.6425369560830556,
    0.6496565186343967,
    0.6350951488407457,
    0.6371523775688587
  ]
}