{
  "loss": [
    4215.970117494464,
    4282.364705100656,
    4190.418113201857,
    4181.657486528158,
    4225.942129701376,
    4234.548933714628,
    4185.443680927157
  ],
  "reward": [
    0.44699299504527595,
    0.38223987698616096,
    0.41166922945498036,
    0.4111139586536819,
    0.3085810695369896,
    0.3093712626003759,
    0.38762173244490006
  ],
  "accuracy": [
    0.7234931009440814,
    0.6910803537101115,
    0.7058609936349267,
    0.7055512836943056,
    0.6542462300824469,
    0.654641377248067,
    0.6938036652569525
  ],
  "entropy": [
    0.621753056986646,
    0.6671327106335133,
    0.6443393231762101,
    0.5974262892313947,
    0.6336865219808371,
    0.6925840544564162,
    0.6772778283250285
  ]
}