{
  "loss": [
    4191.118378534913,
    4216.034218862653,
    4151.640427976847,
    4098.526392966509,
    3977.8875620141625,
    3836.1968207135797,
    3816.2724890187383
  ],
  "reward": [
    0.43411498376900737,
    0.3829660003417051,
    0.37053647702033143,
    0.30433111225012816,
    0.2703314539552366,
    0.2490175978130873,
    0.24528019818896293
  ],
  "accuracy": [
    0.7170532701097868,
    0.6915075398351062,
    0.6852599427570593,
    0.6521850570293477,
    0.6352150882139348,
    0.6245888333546926,
    0.6226878550984664
  ],
  "entropy": [
    0.6667242702634523,
    0.5717738188526965,
    0.5090501282778476,
    0.42581638683880496,
    0.3884515209028339,
    0.36846422647439003,
    0.4031576872579709
  ]
}