{
  "loss": [
    694.0899677390698,
    172.46511947736144,
    621.8655510093085,
    944.2039165059105,
    1257.1783557292074,
    1275.491902930662,
    947.2782872729003
  ],
  "reward": [
    0.3829660003417051,
    0.2975183666495814,
    0.37790449342217663,
    0.41993422176661543,
    0.39321715359644627,
    0.35336579531864004,
    0.32720399794976934
  ],
  "accuracy": [
    0.6914755008757315,
    0.6487462087231407,
    0.6889444230851381,
    0.7099619804348755,
    0.6966017343756675,
    0.6767055406040412,
    0.6636229655260797
  ],
  "entropy": [
    0.5830079049671407,
    0.5514644678181183,
    0.5707114789524833,
    0.5947042836473678,
    0.7134923686711132,
    0.762406452851236,
    0.6968717917344234
  ]
}