{
  "loss": [
    4224.34944178164,
    4241.005843415856,
    4099.748178087175,
    4116.38250978291,
    4097.08135342598,
    3760.7351227626204,
    3692.562978480011
  ],
  "reward": [
    0.41841790534768497,
    0.3660515974713822,
    0.25875619340509143,
    0.2539723218862122,
    0.25591576969075686,
    0.08933452930121305,
    0.11111822996753802
  ],
  "accuracy": [
    0.70920372506301,
    0.6830172156008373,
    0.6293305993421333,
    0.6270024349609125,
    0.6279102054765261,
    0.5446729890213166,
    0.5555662352086804
  ],
  "entropy": [
    0.6134485054755443,
    0.6101131436204821,
    0.6355386850325935,
    0.6956424327634367,
    0.6648028146684954,
    0.6786605159421263,
    0.657155472810057
  ]
}